{
  "project_info": {
    "project_number": "486218066479",
    "firebase_url": "https://teste-ff6d7.firebaseio.com",
    "project_id": "teste-ff6d7",
    "storage_bucket": "teste-ff6d7.appspot.com"
  },
  "client": [
    {
      "client_info": {
        "mobilesdk_app_id": "1:486218066479:android:7cd6744b3a0220cde2b4da",
        "android_client_info": {
          "package_name": "com.example.projetoautenticaon12"
        }
      },
      "oauth_client": [
        {
          "client_id": "486218066479-tn9054ecfvht746vppuhdemvvf0u2d1c.apps.googleusercontent.com",
          "client_type": 3
        }
      ],
      "api_key": [
        {
          "current_key": "AIzaSyC97K35_alYxekCr1MHaB0V0Xml-QlF81Q"
        }
      ],
      "services": {
        "appinvite_service": {
          "other_platform_oauth_client": [
            {
              "client_id": "486218066479-tn9054ecfvht746vppuhdemvvf0u2d1c.apps.googleusercontent.com",
              "client_type": 3
            }
          ]
        }
      }
    }
  ],
  "configuration_version": "1"
}